{
  "Register": [
    {
      "id": 1,
      "fname": "Roma",
      "lname": "Patil",
      "emailid": "roma@gmail.com",
      "password": "12345"
    },
    {
      "fname": "asd",
      "lname": "asd",
      "emailid": "asd",
      "password": "asd",
      "id": 2
    },
    {
      "fname": "ftukdft",
      "lname": "yujuuuu",
      "emailid": "rrrrr",
      "password": "rrrr",
      "id": 3
    },
    {
      "fname": "Name",
      "lname": "Hood",
      "emailid": "dhanshreeh@cybage.com",
      "password": "rrrr",
      "id": 4
    }
  ]
}